<?xml version="1.0" encoding="UTF-8"?>
<beans xmlns="http://www.springframework.org/schema/beans"
	xmlns:xsi="http://www.w3.org/2001/XMLSchema-instance"
	xmlns:mybatis-spring="http://mybatis.org/schema/mybatis-spring"
	xsi:schemaLocation="http://www.springframework.org/schema/jdbc http://www.springframework.org/schema/jdbc/spring-jdbc-4.3.xsd
		http://mybatis.org/schema/mybatis-spring http://mybatis.org/schema/mybatis-spring-1.2.xsd
		http://www.springframework.org/schema/beans https://www.springframework.org/schema/beans/spring-beans.xsd
		http://www.springframework.org/schema/aop http://www.springframework.org/schema/aop/spring-aop-4.3.xsd">
	
	<!--   Root Context: defines shared resources visible to all other web components -->
		
	 <bean id="hikariConfig" class="com.zaxxer.hikari.HikariConfig">
		<property name="driverClassName" value="oracle.jdbc.driver.OracleDriver"/>
		<property name="jdbcUrl" value="jdbc:oracle:thin:@192.168.0.62:1521/xe"/>
		<property name="username" value="C##TEAM"/>
		<property name="password" value="TEAM"/>
	</bean>  
	 
	 <!-- <bean id="hikariConfig" class="com.zaxxer.hikari.HikariConfig">
		<property name="driverClassName" value="oracle.jdbc.driver.OracleDriver"/>
		<property name="jdbcUrl" value="jdbc:oracle:thin:@localhost:1521/xe"/>											
		<property name="username" value="c##himedia"/>
		<property name="password" value="himedia"/>
	</bean> -->
 
<!-- HikariDataSource(Connection POOL을 만드는 역할을 한다) -->
	<bean id="dataSource" class="com.zaxxer.hikari.HikariDataSource" destroy-method="close">
		<constructor-arg ref="hikariConfig" />
	</bean>
	
	
	<mybatis-spring:scan base-package="team.co.kr.mapper"/>
	
	<bean class="org.mybatis.spring.SqlSessionFactoryBean" >
		<property name="dataSource" ref="dataSource" />
	</bean>
			
</beans>
