<?xml version="1.0" encoding="UTF-8"?>
<!DOCTYPE mapper PUBLIC "-//mybatis.org//DTD Mapper 3.0//EN" "http://mybatis.org/dtd/mybatis-3-mapper.dtd" >
<mapper namespace="team.co.kr.mapper.BoardMapper">
	<select id="list" resultType="team.co.kr.entity.BoardVO">
		select bno, title, content, writer, writerDate, hit
		from(
			select rownum rnum, bno, title, content, writer, writerDate, hit
			from (
					select bno, title, content, writer, writerDate, hit
					from board
				)
		)	
		where rnum between 1  and 10
			<!-- rownum 순서대로 나온다 rnum 1번부터한다 -->
	</select>
	
	<select id="view" resultType="team.co.kr.entity.BoardVO">
	 	select bno, title, content, writer, writerDate, hit
	 	from board
	 	where bno=#{bno}
	</select>
	
	<update id="increase">
	 	update board
	 	set hit = hit +1
	 	where bno = #{bno}
	</update>
	
 	<insert id="write"  >
		insert into board(bno, title, content, writer)
		values(board_seq.nextval, #{title}, #{content}, #{writer})
	</insert> 
	
	<update id="update">
	 	update board
	 	set title = #{title}, content = #{content}, writer = #{writer}
	 	where bno = #{bno}
	</update>
	
	<delete id="delete">
		delete from board
		where bno= #{bno}
	</delete>
	
</mapper>